{
    "SETUSER": {
        "summary": "Modify or create the rules for a specific ACL user",
        "complexity": "O(N). Where N is the number of rules provided.",
        "group": "server",
        "since": "6.0.0",
        "arity": -3,
        "container": "ACL",
        "function": "aclCommand",
        "history": [
            [
                "6.2.0",
                "Added Pub/Sub channel patterns."
            ],
            [
                "7.0.0",
                "Added selectors and key based permissions."
            ]
        ],
        "command_flags": [
            "ADMIN",
            "NOSCRIPT",
            "LOADING",
            "STALE",
            "SENTINEL"
        ],
        "arguments": [
            {
                "name": "username",
                "type": "string"
            },
            {
                "name": "rule",
                "type": "string",
                "optional": true,
                "multiple": true
            }
        ]
    }
}
