{
    "DRYRUN": {
        "summary": "Returns whether the user can execute the given command without executing the command.",
        "complexity": "O(1).",
        "group": "server",
        "since": "7.0.0",
        "arity": -4,
        "container": "ACL",
        "function": "aclCommand",
        "history": [],
        "command_flags": [
            "ADMIN",
            "NOSCRIPT",
            "LOADING",
            "STALE",
            "SENTINEL"
        ],
        "arguments": [
            {
                "name": "username",
                "type": "string"
            },
            {
                "name": "command",
                "type": "string"
            },
            {
                "name": "arg",
                "type": "string",
                "optional": true,
                "multiple": true
            }
        ]
    }
}
